model,task,split,n,prevalence,pr_auc,roc_auc,brier,recall@5pct,recall@10pct,recall@20pct
mtl,delinq,val,4336086,0.006188761016271356,0.3830479454774753,0.9309647412946407,0.06586967408657074,0.7000186323830818,0.7844233277436184,0.8763182411030371
mtl,prepay,val,4336086,0.07591154787981604,0.23544808292963876,0.670280442465648,0.10381806641817093,0.18104928013513227,0.2632466376432059,0.39807813245270524
mtl,delinq,test,3947403,0.03439729867966357,0.42378382906129997,0.8845620855794448,0.08617420494556427,0.5200839593460009,0.6325747532773605,0.7627191044336427
mtl,prepay,test,3947403,0.2853853533576379,0.4191537794224907,0.6338308215200039,0.20693622529506683,0.08855948038713538,0.1550867219810196,0.2960593183853795
